battery_power,dual_sim,px_height,px_width,ram
842,0,20,756,2549
1021,1,905,1988,2631
563,1,1263,1716,2603
615,0,1216,1786,2769
1821,0,1208,1212,1411
1859,1,1004,1654,1067
1821,0,381,1018,3220
1954,1,512,1149,700
1445,0,386,836,1099
509,1,1137,1224,513
769,1,248,874,3946
1520,0,151,1005,3826
1815,0,607,748,1482
803,0,344,1440,2680
1866,0,356,563,373
775,0,862,1864,568
838,0,984,1850,3554
595,1,441,810,3752
1131,1,658,878,1835
682,0,902,1064,2337
772,1,1314,1854,2819
1709,0,974,1385,3283
1949,1,407,822,1433
1602,1,466,788,1037
503,1,201,1245,2583
961,1,291,1434,2782
519,1,550,645,3763
956,0,511,1075,3286
1453,1,187,1311,2373
851,0,1171,1263,478
1579,1,1358,1739,3532
1568,0,413,654,508
1319,0,85,1152,2227
1310,1,178,1919,3845
644,0,311,881,1262
725,1,1134,1249,1326
589,1,429,815,2113
1725,1,609,1307,3429
790,1,347,730,3169
560,1,1448,1613,2150
1347,0,434,967,2484
1646,0,1725,1932,3339
1253,1,685,714,1878
1656,0,880,1456,1629
1195,0,1580,1652,504
1514,0,186,1810,1152
1723,1,202,1791,3587
1054,1,27,774,2296
578,1,1025,1433,1270
596,1,885,1854,3238
1547,1,1042,1832,2059
1760,1,1382,1383,2053
1654,1,546,629,3112
1457,1,1013,1287,1440
1073,1,690,804,2908
1936,1,667,1036,2552
823,1,822,1449,905
987,1,581,820,3963
1757,0,265,713,2056
1063,1,127,683,2910
1484,0,916,969,1457
799,0,361,975,431
1156,1,322,547,470
1720,0,753,1353,2148
702,1,504,1570,2955
616,1,651,1618,3366
1358,0,1565,1858,3068
1866,0,108,1781,3834
1242,1,459,1225,1050
1166,1,205,603,3993
1448,1,570,1724,3378
1407,0,1172,1217,2192
605,0,160,1026,392
1038,0,4,638,3709
797,1,763,1413,590
819,1,339,1242,1814
1114,0,1040,1071,907
1234,1,166,778,1449
1199,1,1168,1552,3448
1103,1,990,1486,1837
1589,1,319,1206,3464
999,1,1397,1616,2593
1510,1,708,1752,3484
1008,0,1077,1122,2009
1127,1,928,1049,2048
1412,0,516,1894,837
1496,1,96,741,854
1083,1,1025,1118,3210
668,1,666,1203,2746
1309,1,557,1402,2334
1724,1,1605,1924,2822
1977,1,1226,1242,1971
885,1,769,802,1410
879,0,403,1105,349
1322,1,177,1990,1418
1137,0,942,1179,3616
1355,0,651,891,880
1665,0,1572,1684,1601
657,0,476,961,1412
593,0,1233,1317,1692
1883,0,836,1739,2600
1732,0,824,881,1308
543,0,391,984,2413
1939,1,320,520,1047
553,1,325,902,1204
832,1,125,1504,1799
1661,1,846,1634,2676
1657,0,1770,1796,2597
1135,1,293,1846,3029
1775,0,1633,1869,2343
783,1,1198,1471,2016
617,0,768,874,2213
867,1,70,1974,790
1310,1,117,513,3182
1804,0,1158,1244,3472
1900,0,1055,1661,2871
909,0,635,973,3187
1084,0,322,771,1945
1308,1,275,989,488
1778,0,1445,1954,1214
1701,1,550,1338,2598
772,1,1242,1712,3242
825,1,597,863,3534
1379,0,538,1376,3426
1166,0,59,1203,2488
1659,0,819,902,3255
826,1,179,786,2863
1564,0,1259,1965,1496
1957,1,396,1732,3801
1571,0,713,1398,666
1414,1,262,829,3799
1790,1,622,792,1366
645,0,327,580,2962
668,1,522,1056,2399
1652,1,313,1264,2338
1213,0,226,1248,2700
1272,1,605,669,2235
866,1,692,1686,3825
536,1,1386,1539,284
523,1,304,1042,1427
1753,1,1590,1926,1324
1218,1,229,616,398
1537,0,839,1131,3685
786,1,507,1697,2390
1678,0,436,536,278
1814,1,756,786,3556
1101,0,387,1269,2196
1461,1,1265,1298,3799
1216,0,1852,1967,2268
506,0,875,1025,2965
843,0,140,800,2341
742,1,577,1359,3557
1692,0,975,1996,1354
1485,0,510,1013,2147
1547,1,583,590,505
1692,1,674,1925,1394
637,0,1125,1989,374
1224,0,747,826,506
1356,0,1612,1983,3702
1840,1,311,1545,1078
1481,1,116,1533,2945
961,1,554,621,2981
1296,1,811,1272,490
1193,0,730,1729,536
1441,1,577,1071,2317
517,1,660,974,3704
748,0,450,1554,2126
1126,0,1223,1611,2050
1572,0,1109,1937,2462
1569,1,45,1942,1260
1270,1,299,845,3770
1854,0,506,627,1886
625,1,635,842,3323
1577,1,1045,1737,2060
534,1,393,1199,3926
946,1,650,1740,2177
685,0,433,648,728
1949,1,839,1136,2478
947,1,1176,1220,2842
801,1,650,879,1617
703,0,218,1065,1472
1165,0,564,831,764
1082,0,986,1191,2337
959,1,561,1631,3965
1502,0,65,588,3693
1380,1,420,500,797
1266,0,1365,1698,1687
1934,1,619,1299,2940
1905,0,849,898,1545
1831,1,611,1381,3834
596,0,953,984,2505
1562,1,642,1533,2243
1490,1,1417,1464,3600
1523,0,247,539,3971
640,0,710,1179,2844
1526,0,718,751,2227
1989,1,1100,1497,1665
1308,0,59,1215,3355
609,0,938,1948,1866
1905,1,825,1542,1287
1703,0,286,1235,1046
1445,1,1273,1345,1441
1087,0,295,589,690
671,1,852,1182,2504
1472,0,710,1052,2677
765,1,1277,1429,2243
1642,1,129,873,2984
1265,0,690,836,1362
664,1,701,1478,3629
1277,1,309,1460,3559
1395,1,213,705,2571
1539,0,1112,1666,2107
1049,0,199,1077,1022
1827,0,55,1020,2844
903,1,1230,1235,711
1987,0,1052,1516,3117
1154,1,541,1499,978
1336,0,55,583,1869
1886,0,809,1958,1179
1551,0,1738,1995,3844
850,1,404,642,593
660,0,262,1178,588
1225,1,759,1404,3836
1452,1,42,1040,2669
1686,1,397,1453,2958
1634,0,964,1677,3031
1708,1,233,517,3388
1151,1,1022,1560,2377
1578,1,411,1226,2458
1689,0,954,1200,2766
1488,0,1528,1647,3054
1313,1,416,1308,3791
1715,1,638,1615,625
1442,1,231,687,2227
528,0,574,637,3256
1523,0,148,1606,707
1133,0,730,1543,1457
1718,1,564,980,3755
1330,0,1290,1441,1733
1799,0,632,1383,720
633,0,529,1009,3560
724,1,1273,1754,2311
822,0,667,860,3846
1918,0,1170,1543,1717
1891,0,169,1108,3704
1373,1,105,673,3800
862,1,793,1758,278
1273,0,490,886,1767
957,0,1201,1485,1846
1617,1,246,1038,829
893,1,417,946,2986
1210,0,1177,1462,2394
708,1,78,654,2169
835,1,323,1604,1181
1450,1,707,1882,575
973,0,457,1816,2977
601,0,356,765,532
507,1,936,1398,1702
564,1,912,1980,1074
1559,1,179,1559,3352
754,1,1914,1928,1027
728,1,526,1529,2039
1431,0,156,952,461
767,0,344,1517,527
1722,0,865,1741,3271
1992,0,1552,1596,606
1876,0,546,1564,2513
1054,1,1097,1222,1675
1283,1,372,692,2698
1281,1,1285,1617,1129
1066,0,1242,1571,468
730,1,302,1247,1210
1053,1,594,1767,3086
1611,1,303,714,1595
793,1,1858,1935,2332
1220,0,403,1933,2589
1662,0,32,1509,3760
1281,1,590,954,1851
538,0,235,662,417
823,0,630,888,294
1733,0,357,527,3576
1429,1,246,820,3945
1839,0,475,1493,927
659,0,1054,1929,2044
1953,1,555,764,2334
1172,0,607,1092,1477
612,1,1360,1891,3161
1563,0,142,1699,3660
1191,1,681,683,1604
615,1,104,1664,2211
1893,1,637,763,3822
1563,1,410,572,3922
1995,0,1830,1963,1203
1517,0,802,1489,2822
832,1,311,1294,447
1162,0,56,997,1652
1595,0,344,655,3608
1329,0,1053,1458,1228
928,1,221,1243,666
1656,1,506,519,1499
1937,0,1728,1767,3321
977,1,63,566,1206
768,0,418,515,952
1464,1,854,1168,3927
1177,0,178,882,311
1348,0,1869,1942,955
1956,0,185,776,1109
1751,1,170,564,2969
1530,0,454,1975,725
1997,1,866,1212,1655
1414,1,44,1118,3490
1707,0,1331,1388,1774
894,1,1285,1462,3615
645,0,741,1130,714
1163,1,520,754,2768
1126,0,114,1726,3739
1648,0,1153,1876,610
1170,0,474,709,715
508,0,39,557,663
1097,1,419,1914,1725
728,1,584,775,834
1980,1,312,1910,3865
1504,1,19,1923,3059
1379,1,207,1370,651
1698,0,363,994,796
920,1,209,1078,785
1144,1,159,724,3252
1995,0,649,1104,1322
1430,1,1132,1182,2832
972,1,1392,1795,1615
662,0,1001,1224,2125
1867,0,712,1442,990
1730,1,418,1023,1595
1723,0,384,1361,1213
1882,1,119,652,2500
803,1,627,935,2801
580,1,1086,1345,3451
668,0,195,1292,1201
1391,0,14,1256,3139
1560,0,745,1364,1938
821,1,253,1786,3185
811,1,333,1429,2111
1989,1,629,682,2369
1034,1,707,1199,3625
618,0,1314,1688,1051
654,0,1715,1898,1036
576,0,513,1438,2938
667,0,13,1463,2855
869,0,1243,1584,2727
635,1,300,1059,2973
609,0,58,1253,2581
1557,1,1107,1442,2690
1604,0,134,939,916
1182,0,275,986,2563
848,1,176,1029,3359
1610,0,1236,1280,941
1828,1,336,898,2280
880,1,1116,1381,827
1394,1,1010,1565,473
1960,1,205,1299,3865
809,0,1453,1726,1274
899,1,788,1331,364
1976,1,1301,1922,3699
879,1,463,1038,2927
916,0,188,992,1470
763,1,1028,1186,1050
508,1,1419,1920,2616
825,1,1471,1866,2915
1864,0,168,981,2686
1725,1,1125,1195,1243
1108,0,130,1706,3264
1011,0,481,749,2261
1703,1,1411,1711,2993
1067,1,79,681,706
1334,0,1187,1974,2542
775,0,561,1510,2523
1899,0,96,814,336
930,1,77,1025,2457
1058,0,493,1247,418
1187,0,1173,1814,3917
1874,1,964,1233,1246
1482,0,634,642,2971
1809,0,639,721,2324
864,1,127,1670,3121
625,0,431,550,3801
1880,0,71,699,3333
1138,0,111,1138,3475
560,0,356,1903,2360
1117,0,798,817,2895
1712,0,747,1126,3652
1836,1,408,1139,3097
1036,0,373,926,2101
1860,0,1362,1506,3918
1375,0,475,726,3869
1945,1,743,1753,732
1896,1,447,794,3684
788,1,42,1161,3969
880,1,30,1350,1414
1323,1,162,619,1892
1868,1,347,660,3131
1266,1,346,1468,2532
1042,1,727,1705,3215
1479,0,180,1476,3323
1476,1,1641,1666,1529
1552,0,269,1026,2403
1454,1,250,1033,3419
1007,0,1186,1529,3648
652,1,77,559,1974
1504,0,507,973,2806
1726,1,379,1223,2239
1029,1,264,956,582
1582,0,1486,1797,3890
1478,1,694,882,1141
1178,0,579,596,2511
707,1,495,574,3838
755,0,315,990,2734
912,0,329,1053,2330
651,1,548,858,2244
1483,0,531,758,1851
914,0,191,1495,808
1456,1,823,1104,1587
1178,1,96,1352,2492
1503,0,841,1304,2122
1681,0,195,1205,1122
715,1,21,562,3709
1876,1,235,585,3021
1190,1,1417,1441,624
1755,0,286,1075,3937
1197,0,649,1629,1797
1048,0,966,1975,1458
1887,1,1172,1798,3348
1772,1,270,545,1834
1421,0,781,1657,2775
1464,1,418,1341,1277
728,1,126,817,457
954,0,228,1058,438
685,1,1091,1203,3210
1472,1,1452,1744,985
853,0,674,740,3701
1469,0,398,1133,1052
1310,1,449,889,1175
1654,0,1184,1719,1070
902,0,675,1285,3411
1448,1,1792,1850,1175
1631,1,177,1905,301
1608,1,1013,1158,489
1991,0,1058,1325,1733
1349,1,592,772,2756
1589,0,810,1743,2612
1844,1,533,882,1724
712,1,558,1208,2190
972,0,681,1050,1900
1406,1,1017,1366,3915
1289,0,765,899,1043
932,0,1176,1224,3817
1747,0,947,1131,2362
1172,1,1314,1884,1107
1128,0,609,1370,2982
664,1,754,1497,2042
513,0,619,867,1343
1742,1,453,681,2610
1512,0,205,884,2335
1986,1,282,1358,1614
965,1,130,998,1138
1067,1,494,1989,604
1583,0,275,862,3652
1653,1,447,1785,3955
1433,0,281,799,258
765,0,6,793,1066
1845,1,292,695,1731
752,1,164,728,3860
1948,1,631,1940,3630
1077,1,897,1304,1965
932,0,268,1078,1459
1968,0,861,1259,2323
1122,0,331,790,3291
1588,0,1064,1594,3272
601,0,509,548,918
1615,0,622,1256,3488
1589,1,957,1911,3961
1417,0,494,1649,590
1697,0,236,1264,3701
1330,1,980,1262,463
1476,0,1789,1972,3644
1579,0,831,1484,1713
1277,0,902,1090,429
1089,1,636,1259,2765
1663,1,831,1439,2084
1949,0,518,592,1125
1138,0,233,1777,2048
685,0,725,870,1223
1889,0,170,1106,3672
857,1,157,948,3100
1902,1,1142,1393,343
1225,0,840,982,1970
1066,0,401,1586,2728
1554,1,395,1579,3635
1337,0,48,644,2180
1926,1,982,1157,2488
869,1,478,539,3864
1278,1,581,750,1155
1773,0,1215,1472,3566
1661,1,594,1337,864
1438,0,683,1663,869
1661,0,536,861,591
1846,0,83,773,1333
1260,1,905,1313,2208
512,1,249,1849,2610
581,0,803,1613,2819
1872,0,459,1259,1955
687,0,584,1151,3416
1062,1,1596,1807,3803
1678,1,418,1763,574
1417,0,364,1029,2129
1074,1,946,952,1948
1832,0,186,654,2978
1039,0,1428,1827,1619
1059,0,1613,1916,3716
1606,0,1127,1924,3454
1928,0,691,1580,3777
1875,1,1802,1942,2712
1128,0,751,1582,1434
1748,1,859,1234,3968
1413,1,187,517,3383
825,1,206,1917,3278
1589,0,1673,1759,3970
535,1,710,939,2674
1780,0,1331,1463,2776
1671,1,263,848,2336
1821,0,97,1803,2430
1076,0,129,915,891
532,1,1213,1354,728
777,0,189,1143,3886
1217,0,628,632,1711
1656,1,320,899,2856
1185,0,837,1642,2447
577,0,1087,1450,814
737,1,781,1463,2951
704,1,251,1013,3653
525,1,262,1587,1891
504,1,767,1665,701
793,1,1226,1815,3139
569,1,389,739,2811
1590,1,920,963,1701
707,0,1027,1508,1853
767,0,271,1000,2445
1350,1,369,544,2287
1117,1,1258,1627,2003
641,0,417,759,3595
1002,1,1345,1416,1726
1408,1,613,1088,3952
1900,1,912,1596,850
726,0,666,760,1446
1544,0,236,857,1300
1454,0,186,1100,719
1230,1,416,676,988
1552,0,430,658,2606
1519,0,168,1239,2912
723,0,1467,1901,2339
1191,1,179,1813,1028
1168,0,159,1578,3173
1229,1,120,1878,1667
1758,0,762,1864,1897
1290,0,600,1109,1214
574,1,286,1171,3269
1271,0,1350,1949,445
1170,0,27,1722,1073
1269,0,1597,1920,665
1288,1,1177,1809,3129
1366,1,402,964,3501
1572,1,577,1237,3461
1627,1,52,1082,3206
1701,0,364,828,3717
1900,1,934,1241,3917
1974,0,250,545,861
1197,1,214,1710,2885
587,1,612,1793,2777
934,0,1111,1463,1017
1195,1,163,1100,980
1853,0,202,1951,2775
1164,0,729,1704,3309
1512,0,1079,1897,3607
1232,1,361,809,1257
1813,1,338,1306,759
946,1,1698,1771,3720
739,1,1052,1536,475
704,0,1108,1509,1122
1663,0,951,1545,1336
1966,1,1197,1987,1185
1219,1,473,1022,705
612,0,1294,1337,3169
1658,0,410,522,3483
1263,0,178,1883,1183
1395,0,782,1787,3373
621,1,434,910,2801
652,1,464,781,565
1175,0,137,1501,3153
561,0,492,1176,3421
1137,0,1250,1285,316
1835,0,385,583,448
1170,1,427,684,2366
1595,1,1024,1838,3881
1719,0,240,904,462
1770,1,886,1552,1480
1312,1,1233,1854,1087
1878,1,183,559,2711
1871,0,88,1682,2144
922,1,1016,1383,1165
1975,0,80,655,2998
1212,0,611,1715,2249
1430,0,569,906,752
1958,1,304,637,1409
1836,1,276,1230,3072
557,0,1131,1315,1305
539,1,551,599,3597
880,1,436,1302,3132
1369,1,553,727,3856
1109,1,1391,1787,1524
843,1,981,1096,3673
598,1,680,1173,3293
972,1,687,816,3035
1944,0,1060,1970,584
1225,1,217,1101,2675
644,1,1140,1654,2382
1919,0,304,1191,1391
501,0,504,1089,2346
1620,1,832,1033,606
1227,1,935,1781,1324
1359,1,446,901,1076
1914,0,942,1701,643
1645,0,897,1308,783
1063,0,1208,1232,3809
946,0,159,630,2104
1231,1,632,1184,1762
1397,1,1308,1991,3137
701,0,1002,1256,1756
570,1,1331,1917,3663
1993,0,150,510,2437
955,1,1248,1511,1432
924,1,108,1813,1620
600,0,320,747,1655
518,1,437,1947,2832
1063,0,295,935,961
920,0,1058,1421,2608
1715,0,79,1652,514
1841,1,593,672,2304
543,1,693,1031,933
1762,1,300,527,1896
1112,1,234,739,3655
709,1,1545,1596,1973
1315,0,59,575,3278
1762,0,1103,1364,2183
1462,1,91,1478,824
571,1,177,1282,2598
666,1,58,1353,1254
1994,1,447,1435,3622
1583,1,942,1651,1704
1778,1,88,516,1624
1926,0,371,1000,3809
966,0,1446,1754,2574
568,0,181,1703,950
1897,0,1311,1935,273
1695,1,1791,1898,446
1623,0,1568,1832,1510
914,0,706,721,1122
1721,1,871,1048,707
890,1,1074,1873,751
600,0,501,1465,3393
1677,1,271,1477,3771
723,0,920,1748,1851
638,1,1171,1383,2735
852,1,293,1159,2253
1979,1,833,1630,452
710,0,485,857,1419
1034,1,182,1293,969
600,1,207,1162,3441
1027,0,1698,1747,3786
1260,0,165,736,2710
1793,1,1086,1418,3533
675,0,192,757,1735
658,0,1156,1750,3587
1694,0,377,549,2298
804,1,709,818,2027
1713,1,729,974,2406
706,0,543,938,2419
1362,0,553,1505,995
1527,0,526,1116,2078
768,1,637,991,1145
1314,1,113,577,626
705,0,1114,1374,1509
1403,0,461,1251,3371
1486,0,1430,1747,297
781,0,304,1674,3508
986,0,471,800,2385
1310,0,806,1016,1301
560,1,80,1327,2167
1348,0,204,501,3914
1567,1,545,1621,2312
1940,1,112,858,2297
1979,1,1331,1532,411
561,1,1055,1294,665
1717,0,609,810,3226
535,0,290,811,740
1413,1,1039,1318,3878
1358,1,1485,1655,3406
1519,0,1122,1702,2440
1254,1,462,1013,3959
1591,0,1384,1883,3703
977,1,1502,1862,3714
1640,0,589,1301,337
663,1,82,1605,3176
1744,0,68,718,1205
1624,1,689,699,2473
1108,1,208,1742,1229
1188,1,1339,1558,2896
817,0,722,766,2039
863,1,717,1799,520
1397,1,433,1658,1378
1108,0,1298,1666,3254
1068,1,186,1998,1803
1702,0,1397,1491,2501
808,1,618,1891,3762
1156,0,1214,1262,1796
1271,1,613,650,990
696,0,649,907,2630
1981,1,193,1234,1380
614,1,22,519,3487
1590,1,1464,1595,1201
1945,0,280,895,3015
1135,1,690,1589,3204
1049,1,39,1564,433
1807,0,337,1384,1906
984,0,1036,1611,898
720,1,1347,1733,2799
1536,0,22,1634,2020
771,0,327,922,770
503,0,778,1291,305
675,0,482,874,2953
1936,1,591,1089,1671
1303,1,229,1604,2574
1004,1,901,1162,3772
1972,1,715,1648,2870
1822,0,172,910,2577
1159,0,681,723,2246
1782,1,867,999,2405
894,1,286,1300,3377
1884,1,451,819,3619
1648,0,1119,1238,1184
798,0,526,643,2965
802,1,1299,1633,3713
1276,1,217,735,3798
1331,0,1109,1226,1026
1620,1,434,1339,1086
1996,0,671,1445,2236
1092,1,1404,1424,1303
1018,1,856,883,3048
545,0,381,1452,616
554,0,85,806,3764
1264,1,562,849,419
1030,1,1111,1812,2858
1432,1,209,947,504
558,0,997,1605,392
829,0,91,1916,820
1741,0,730,1895,3387
1849,0,606,1123,3447
733,0,445,1409,1403
1872,1,286,1484,2295
1853,1,985,1005,1973
1149,0,1617,1675,3755
891,1,375,1724,2073
1911,0,1795,1958,3872
550,0,486,1930,302
576,0,757,1518,1519
1760,0,273,1704,2549
969,0,491,589,404
1160,0,762,859,595
827,1,448,821,1663
1786,0,231,1671,2764
774,1,1713,1865,2614
819,1,438,822,1094
1042,0,68,1018,2826
1368,1,698,829,2496
1592,0,510,522,2103
1067,1,965,1009,966
1892,0,1399,1564,2172
915,0,532,1448,905
774,0,8,896,3916
1848,1,154,605,3902
1501,0,198,1056,2487
1614,0,860,1330,3914
911,0,461,670,363
1520,0,109,1909,3233
1647,1,193,1185,2532
1347,1,961,1008,3836
967,0,243,1642,3076
1442,0,1626,1668,1513
1204,0,480,1482,1724
1320,1,123,1229,542
1800,0,400,823,3481
1567,1,190,1326,3991
1439,0,626,932,1790
1422,0,1,926,509
1591,1,548,1641,282
880,0,632,660,3006
1929,1,349,1051,1913
1642,1,1686,1889,1333
1511,1,1455,1982,3746
1312,0,95,893,3941
1852,0,580,1163,3970
972,0,297,589,3925
691,1,951,962,424
807,0,667,697,1284
1113,1,1047,1312,277
721,1,408,1862,1713
1188,1,1150,1469,485
1512,0,333,952,3002
805,0,641,704,418
918,1,653,671,1652
1320,1,103,1583,2893
1236,1,517,809,1406
1387,0,785,1151,629
1883,1,531,791,3724
839,1,564,1391,3835
1593,0,761,1336,1354
1722,0,1179,1638,2376
1954,1,673,690,3438
1788,1,472,1073,2655
1628,0,412,643,3361
1965,0,977,1660,3535
833,0,359,1395,2150
571,0,224,783,2587
1808,1,714,1208,2736
1860,1,195,799,676
1368,1,843,1145,2941
1161,1,308,1169,3336
1224,0,522,563,3796
902,1,364,1360,3654
787,0,806,1423,2934
854,0,518,1152,2889
1184,1,519,1577,3315
1973,1,792,1181,1993
510,1,382,1228,2509
966,0,214,1523,3534
1438,0,859,867,2246
1986,0,342,774,3165
1907,0,713,1513,286
1489,1,172,812,776
1843,1,118,580,3213
825,0,540,783,716
1286,0,18,662,424
840,0,987,1081,3486
757,1,535,697,3237
814,1,1092,1406,1944
1195,1,327,1001,643
767,0,517,1995,2317
1068,0,994,1500,1436
994,1,491,530,3190
1550,0,268,832,2338
1878,0,210,1026,1334
623,0,144,672,3657
1829,0,729,1267,2080
525,1,82,670,1609
1065,0,188,928,3078
1425,0,150,1897,590
1296,1,1222,1382,2552
642,0,331,1011,3355
1664,1,1178,1929,1968
1498,0,347,1076,3358
981,1,75,688,1539
1236,0,492,1403,942
1673,1,65,734,3669
712,0,881,1234,3612
569,1,351,1159,2351
603,1,1842,1968,604
1332,1,758,1165,1285
1413,0,1323,1481,515
1064,1,1175,1569,654
1444,0,1092,1554,2540
1366,1,647,1876,3869
906,1,1102,1793,3412
1554,1,319,1367,509
1187,0,215,1125,2547
1156,1,945,1913,2735
1918,0,381,1203,1369
841,1,546,828,2942
730,1,1096,1155,2812
878,0,575,618,3497
1059,1,519,1545,619
1578,0,342,670,3483
1829,0,291,563,1475
1132,0,1091,1293,1950
1652,1,352,1084,3592
912,1,165,1723,3573
1181,0,385,831,2020
1497,0,1920,1933,1329
1790,1,396,1980,3568
1742,0,1134,1469,1947
1549,0,721,1514,1998
1372,0,687,937,725
1112,0,777,1119,3302
1005,0,176,1556,3884
783,1,458,1263,1185
1698,0,485,1819,1656
899,0,641,1638,2870
1062,0,798,1435,911
989,0,256,1394,3892
1983,1,370,1197,3897
1800,0,191,1108,656
1254,0,1571,1956,606
868,0,276,1026,1653
1205,1,573,614,860
1284,1,160,516,2197
626,1,90,1334,3458
1763,1,138,806,2066
694,1,983,1230,3676
1265,1,275,687,1518
816,0,149,558,1018
904,0,42,507,1360
979,1,793,1670,3449
1531,0,625,765,2524
934,1,521,1190,703
1624,1,1530,1744,1251
874,0,442,1248,582
1027,0,152,714,1732
1966,1,1242,1973,1252
1048,0,29,1670,2146
1496,1,501,506,1927
959,0,87,736,3328
1349,1,648,1019,2462
1689,1,521,674,1172
1558,0,120,1409,3598
582,1,985,1420,2437
1485,0,341,774,3271
1991,0,751,1377,1511
553,1,993,1517,2981
1231,1,43,1663,3119
805,0,1262,1538,3647
764,1,361,511,3148
894,0,104,541,2829
1589,0,618,940,2373
1456,1,815,1666,3998
743,1,1587,1659,316
1061,0,138,1330,999
1428,0,584,983,1808
674,1,750,772,589
832,0,820,1366,3317
1625,1,8,1219,670
907,1,171,507,584
1631,0,960,1735,2173
1584,0,160,1291,1561
1382,0,612,719,2073
633,0,709,1915,1401
1444,0,624,917,3764
852,1,538,730,1275
922,0,1295,1808,1464
1745,1,1164,1908,2885
862,0,829,1977,3458
1754,1,199,1452,3019
1008,0,825,1972,1083
1569,1,519,930,3538
1596,1,169,1190,2493
1807,1,1734,1968,3726
1660,1,76,1165,1531
1861,0,1698,1877,601
648,1,819,1997,2991
1379,1,387,671,3912
1910,0,985,1284,309
1807,1,970,974,323
1923,1,767,1759,1489
1345,0,512,1465,1322
904,1,56,760,1846
1239,1,590,661,417
1330,0,462,1304,3269
516,1,126,698,3731
672,1,578,1143,667
892,0,655,1782,1241
1778,0,1028,1445,3941
1130,0,88,1261,1018
1359,0,1692,1902,3142
1866,1,358,1782,1444
1597,0,64,1667,934
1046,1,259,1040,3863
1035,1,236,1960,3506
1175,0,873,1394,1944
1261,1,858,1591,348
1068,1,1405,1910,550
1713,1,237,890,971
1688,0,650,864,3984
1413,1,1949,1994,2973
559,0,541,823,2019
1483,1,361,1552,1587
860,1,335,1463,1870
1090,1,1638,1910,1352
686,0,1109,1392,570
818,0,111,510,546
1456,1,1285,1427,3624
774,1,1480,1731,2944
1068,1,322,875,1209
1373,1,1220,1348,2752
1777,0,511,616,3868
594,0,1011,1263,3087
1524,1,629,635,947
511,1,140,622,1484
1402,1,1081,1767,347
965,0,297,653,3227
1270,0,1512,1716,3299
919,1,275,570,1028
1963,0,1136,1813,714
1977,1,1145,1356,2641
1881,0,477,1553,1229
683,0,954,1985,2622
772,1,741,1471,929
536,0,547,705,1211
1694,0,1194,1208,1653
1633,1,146,906,511
1371,0,471,663,3034
551,0,169,1916,1414
1221,0,1895,1976,2438
1000,0,1537,1761,3744
1986,1,236,1520,1377
1119,1,821,915,3520
1699,1,466,1768,3796
1099,0,393,1096,1699
1576,0,400,631,336
950,0,774,843,1095
1081,1,284,519,325
606,0,465,1152,1223
502,1,705,1810,1649
957,0,38,1682,1898
1658,1,51,739,2609
1681,1,850,1005,2265
1983,1,349,676,2775
1753,0,387,1595,1445
1632,0,706,1623,2614
1949,0,951,1178,356
1696,0,179,772,523
688,1,426,1964,3745
1104,0,653,1413,1229
1122,0,1578,1963,1402
504,1,280,1795,2085
1154,0,251,1801,587
1727,0,1463,1992,2457
1674,1,1432,1649,2030
1948,1,477,571,816
1218,1,1122,1746,1667
531,0,145,1903,2958
1057,0,416,1055,3705
576,0,847,893,2800
1960,0,868,877,3773
673,1,594,1088,2050
718,1,518,830,1754
864,0,663,1805,1904
547,1,371,541,2705
623,0,1749,1781,3537
1793,1,586,722,1370
1720,1,409,646,1222
812,1,35,1309,3102
980,0,1008,1758,2268
643,0,442,1079,2648
1925,1,983,1087,2173
1408,0,875,982,3162
1522,1,952,1191,1368
587,0,244,1361,2746
1959,1,65,1055,619
1872,1,1749,1767,724
1043,0,716,1626,912
1809,0,433,1661,2784
1703,0,134,521,793
1095,0,179,1247,560
1414,0,804,1564,312
1659,0,787,1515,545
1540,1,704,822,1591
1342,0,991,1638,2746
1189,0,379,932,893
518,0,489,710,2514
1449,1,1518,1883,1032
516,1,855,1401,819
1569,1,1261,1383,3672
1312,1,115,1791,3833
1893,1,1203,1432,1482
1076,0,545,1300,2043
530,0,818,1090,1229
1044,1,42,1262,1816
1330,0,1103,1637,2166
1836,1,168,1068,2469
1741,0,719,755,2575
1869,0,163,874,1375
1331,0,1162,1531,1732
1655,1,626,1348,673
605,0,329,656,2301
1245,0,330,1434,2676
1709,0,956,1292,1781
846,0,1140,1983,2248
1403,1,217,1623,921
688,0,271,869,391
775,1,444,1555,1719
1154,0,1003,1827,3262
1375,1,227,772,1947
1827,0,253,1764,2693
1697,0,88,1046,441
741,0,334,594,1886
1672,1,1281,1896,1267
514,0,168,1320,687
1375,1,898,1687,2890
989,1,46,1069,1737
1510,1,118,1170,887
1266,0,1187,1595,398
1396,1,1191,1347,2389
808,0,526,1324,3431
1542,0,346,966,3601
745,1,89,1538,2459
1735,1,137,846,3230
586,1,1226,1389,3646
1341,1,473,574,2200
781,1,368,607,3862
501,1,239,1636,3077
1224,1,622,709,621
1970,1,654,882,2372
618,1,853,1781,2574
1537,0,686,1305,2857
1018,0,992,1433,3143
1545,1,115,1352,3197
1871,0,275,1966,2727
1729,1,461,1178,1519
680,1,1428,1500,2438
1106,0,614,1212,2674
635,1,193,989,2107
618,0,1105,1602,2262
1671,1,398,1263,815
1562,1,480,728,2829
1975,1,775,1607,3022
831,0,1482,1490,2573
1524,1,154,550,2678
1528,1,454,1762,1282
1447,1,737,1455,568
1344,0,419,556,2074
564,1,853,1737,2227
921,1,1211,1229,1080
1413,0,314,1606,2867
831,0,172,1239,1075
802,1,527,734,3063
1923,0,874,1264,2479
1193,0,674,864,2394
904,1,657,1014,2814
1285,0,475,500,2094
1635,1,1209,1411,2315
1923,1,15,525,2519
1851,1,293,1967,735
727,0,813,1377,1891
1396,1,173,1843,1386
877,1,457,652,3260
696,0,533,797,2022
1009,1,912,1043,1716
1526,1,798,1418,3317
987,1,412,565,1454
1414,1,130,887,2290
1732,0,201,656,3940
1587,0,299,874,461
1097,0,1277,1352,2219
504,1,626,1195,470
1159,0,378,751,2495
1910,0,333,639,2944
865,1,805,1804,2361
1930,0,1901,1920,1783
860,1,1573,1581,2832
1268,0,360,912,931
999,1,20,745,1344
622,0,98,511,3916
1250,0,703,1011,1882
763,0,273,1278,2865
1100,0,919,1344,757
815,1,982,1291,3469
618,1,879,896,2399
553,1,1287,1892,3300
673,1,1109,1247,2719
563,1,211,684,3012
1590,1,1058,1109,2836
1031,1,532,1247,2385
909,1,290,773,594
1880,0,890,1019,2968
1479,1,327,645,3762
1271,1,1260,1788,892
709,0,570,1422,467
1744,0,621,1558,345
1314,0,328,1858,3033
1136,0,1307,1767,2110
1039,0,497,618,3105
1300,0,219,1037,874
732,1,1163,1554,3681
511,1,24,759,3865
1092,1,468,571,737
921,1,1272,1469,3153
1030,0,503,551,2800
1130,1,1495,1579,315
1299,1,1333,1838,1412
1009,1,267,1841,2286
1735,1,149,876,2392
1129,1,1070,1079,1857
708,0,206,620,1419
894,0,158,747,3305
530,0,48,1012,959
1481,1,249,522,2635
1068,1,935,1499,1754
1487,0,140,768,2563
1524,1,184,740,1936
1093,1,238,807,1869
1816,1,800,1089,3637
627,0,211,507,896
989,0,670,804,2349
1895,0,725,1335,774
805,1,81,1544,3397
713,0,1211,1378,485
864,0,1362,1378,3964
1177,0,945,1923,1887
582,0,1043,1702,2977
1898,1,444,739,2114
1158,1,311,1796,1542
1451,0,812,1456,3038
1820,0,202,1884,2481
984,1,531,707,841
580,1,404,898,3565
1263,0,954,1609,1958
1237,0,274,603,2454
514,0,956,1723,3392
1515,0,1438,1593,262
721,1,1446,1988,530
603,1,692,1057,3703
1426,0,777,1032,2562
1820,1,1157,1951,574
1215,0,454,1473,2632
697,1,478,1477,259
717,1,217,1106,688
1348,1,468,741,2554
1164,1,1107,1656,3859
578,0,626,1134,2977
1971,1,485,922,571
1794,1,43,627,402
1558,0,322,1385,878
1597,0,880,1145,2130
1240,0,1511,1756,3260
1994,1,667,711,454
1221,0,765,1899,2638
989,1,614,679,2819
1180,0,925,1252,1464
718,0,1185,1387,1824
1670,1,1706,1886,876
534,0,347,1477,2706
1566,1,1603,1930,659
1935,0,806,860,455
504,1,1207,1539,2378
913,1,431,1144,2278
1317,1,179,613,3436
917,0,423,909,3424
712,1,1131,1743,401
1083,0,925,1469,681
1039,0,62,544,3212
1747,0,800,873,3105
1449,1,211,947,2036
1872,1,81,1389,3153
1796,1,667,798,1642
1097,0,405,519,509
1562,1,678,1676,3465
1433,0,1619,1651,3900
740,0,935,1147,1105
676,0,864,1011,2064
503,1,1495,1688,3117
1020,0,870,1613,1142
896,1,1379,1469,1060
1824,0,1055,1738,2381
1512,1,220,1838,3366
1053,0,419,1261,1339
1944,1,1111,1362,2560
1174,1,1097,1461,285
627,1,447,819,2476
1602,0,273,1062,1862
1733,1,590,997,3488
586,1,116,598,3178
1528,0,306,564,733
875,0,300,1316,756
1602,0,1259,1746,3622
1426,0,1573,1694,1277
1370,0,1392,1783,3703
609,0,113,1524,1905
840,1,526,1728,2636
991,0,1209,1678,2014
1724,0,655,828,3056
584,0,1123,1622,465
860,1,692,979,3869
1541,1,796,1052,1108
615,1,1021,1958,1906
912,1,995,1310,851
1278,0,1244,1504,3142
1365,0,293,970,1300
1702,0,1240,1931,1430
589,0,759,1858,362
1347,1,398,1528,2456
1644,0,358,791,2360
956,1,403,1614,3700
1089,1,211,1409,2620
871,0,194,1437,437
664,0,1076,1472,3774
1874,0,1238,1418,1218
1928,0,229,1004,696
888,1,327,1683,3407
1077,1,135,1892,3902
1023,1,5,1744,2086
1426,0,715,1163,1356
831,1,511,621,1704
1496,1,549,1383,3571
1433,0,420,784,2132
1095,1,838,1066,3209
643,1,314,1400,2096
1142,0,739,1766,1273
730,1,62,846,3623
1901,0,3,1662,368
1510,1,963,1520,854
1924,0,1438,1923,3646
1825,1,1621,1773,3130
1275,1,19,501,3784
987,0,887,1274,3885
1538,0,567,986,1494
1965,0,584,676,2973
808,0,496,974,1471
712,0,1245,1309,2001
1507,1,682,888,1486
912,0,724,794,1321
769,0,1384,1454,1877
948,0,257,1654,3499
507,1,17,1084,2124
1384,1,983,1210,1221
1766,0,439,1306,2316
1407,1,925,1206,1068
614,1,409,603,1930
1972,0,293,952,1316
1039,1,384,1878,1742
511,1,149,1285,3265
1811,0,447,568,2700
1159,0,717,1206,2115
1848,1,195,533,3915
1988,0,153,696,3144
1469,0,1699,1850,1571
1423,0,501,640,2253
1974,1,530,1496,1433
835,1,396,1378,2583
1429,0,670,1552,1817
947,0,193,887,2915
1446,1,351,1769,3340
1332,1,846,855,2790
1498,1,111,1167,577
1576,1,1213,1386,3220
1398,1,755,1284,3488
1885,1,1406,1517,1277
798,1,497,627,3593
1436,1,1826,1836,2736
1998,0,50,1356,2311
1321,0,817,941,1464
1021,0,901,1793,1355
1339,1,212,1269,2382
1210,1,329,1039,1886
1949,1,837,1182,832
882,1,248,884,751
1549,1,632,1162,436
1991,1,366,613,722
796,0,174,518,1075
1012,1,882,1195,2802
1318,1,688,1591,1780
1708,0,263,1345,1247
598,1,118,764,3066
541,0,1012,1226,403
818,1,586,1552,2518
1414,0,294,1233,1069
601,1,818,1827,2651
561,1,426,865,2974
1616,1,151,1133,657
1263,1,409,644,3372
1604,1,641,1156,1464
539,1,958,967,1326
1071,0,1328,1970,3393
826,1,354,530,323
771,0,1709,1781,1628
1811,0,1099,1553,2610
1842,1,783,1227,3721
1420,1,194,1393,763
1763,1,238,1893,792
1163,0,919,1076,1568
1805,0,758,891,1276
610,1,1039,1273,3472
1533,1,1054,1393,2520
1924,0,122,686,3423
1801,1,100,1708,258
1726,0,1221,1804,1868
794,1,312,1376,2171
1686,1,599,1073,780
1444,1,1274,1340,712
1004,1,62,581,1012
1242,0,315,1796,318
539,0,1123,1709,3948
717,1,1878,1981,629
1540,1,318,831,1161
672,0,574,1267,1403
1325,0,1353,1915,3707
950,0,86,1681,1305
948,1,340,1728,2926
1328,0,602,1156,2674
1447,0,963,1062,471
1973,1,127,507,1724
1731,1,142,1039,1220
1617,0,274,1079,2754
1791,1,371,682,594
851,1,788,1007,1005
856,1,395,1027,2439
714,0,643,1527,2302
951,0,854,935,1083
1303,0,1335,1873,2219
1550,0,1541,1619,1571
1759,0,382,1163,2107
1448,1,846,1144,593
1987,0,960,1925,857
908,0,154,941,3518
820,1,468,694,1284
904,1,1094,1496,545
667,1,272,870,3566
1109,0,165,1103,2821
1333,0,394,1301,3442
1352,0,629,1299,1309
1600,1,831,1713,1179
1454,1,903,910,1713
1489,1,923,1759,1663
1823,1,362,1250,1812
1581,0,693,850,1384
1672,1,1250,1435,1348
1283,1,1135,1923,3957
630,0,66,1448,1212
659,0,924,1877,3925
1811,1,204,1132,348
688,0,376,1957,1382
514,1,1083,1492,980
1933,1,229,1473,838
915,0,875,1316,378
1006,1,35,991,909
1134,0,18,903,3632
599,0,103,646,3396
973,1,105,588,1861
1180,0,168,540,348
1237,0,18,1004,2528
659,1,659,730,2190
1142,1,534,855,663
1002,1,285,512,961
1392,0,482,1098,1280
602,0,1571,1717,2189
1249,0,605,1193,531
531,1,158,1657,2331
1450,0,1573,1639,794
1342,0,127,620,2644
832,0,343,1431,1666
867,0,289,724,2157
1404,0,1703,1880,1196
840,1,1482,1591,2072
1368,0,907,925,1590
1927,1,491,1506,2916
1714,1,287,627,3707
1201,0,1151,1723,726
1796,0,1024,1363,3577
1147,1,1085,1134,2627
776,0,991,1803,685
510,0,1052,1897,1693
1045,1,1078,1564,2137
1497,1,98,977,3696
1425,0,396,1648,3771
726,0,323,978,1342
1576,0,410,1551,1379
714,1,1750,1857,1164
1595,1,1475,1988,908
541,0,1836,1873,1019
1617,0,283,676,3685
1154,1,539,1240,1470
1638,0,440,563,2299
1150,0,397,800,999
1254,0,204,1021,3011
1806,1,347,727,3142
603,0,1003,1284,1543
1834,0,0,1987,3692
520,0,264,519,2753
565,1,543,703,2156
1689,0,467,675,2637
742,0,875,925,331
1143,1,1116,1724,1214
761,0,1325,1945,2248
959,1,1313,1331,3073
772,1,552,1802,422
1015,0,335,679,2293
1824,1,50,1105,3958
1130,1,593,1327,432
1183,1,268,1010,1152
574,1,382,1364,1303
1472,0,443,892,797
1868,0,576,884,298
1375,0,596,679,3847
881,0,115,636,2110
1742,1,356,1407,1921
1225,1,10,1567,2423
1970,1,1399,1684,1658
1186,1,68,584,2361
1762,0,643,790,1380
1731,1,809,1988,3892
852,1,683,1349,315
848,1,56,527,2289
1575,1,492,818,2182
1554,1,699,1492,2184
1972,0,290,804,2872
827,1,23,826,2367
1063,0,394,849,1919
1695,1,713,1742,3296
1343,1,1063,1205,462
834,0,1421,1463,1591
595,0,623,816,1593
1081,1,83,816,2456
911,1,1563,1692,2933
844,1,777,1995,3154
1335,0,83,559,3615
1883,0,203,915,3563
1128,1,938,1226,1440
826,1,1077,1183,1907
1650,0,773,881,324
1162,0,332,866,1404
1517,0,570,1645,2738
963,0,742,821,2722
1837,1,1420,1539,2294
1028,0,1801,1923,1424
1831,1,1693,1790,1133
571,1,31,1536,555
1770,0,1098,1373,3785
970,1,1765,1786,3675
642,0,887,1775,435
622,1,760,1964,3183
600,0,486,1032,3495
1412,0,2,660,1853
733,0,202,1787,2648
1070,0,90,1614,2647
875,1,469,853,702
1994,0,86,1546,1836
823,1,1180,1350,3894
1908,0,140,1046,2944
790,1,1100,1437,3424
1330,1,194,892,2678
1660,0,440,569,2424
1776,0,1563,1803,2671
1611,1,163,1011,3078
1410,1,192,1311,2304
1772,0,837,1405,1146
1280,0,356,588,2335
1712,1,155,663,1422
1562,0,1032,1776,2096
891,1,40,1435,1303
1957,1,1194,1727,1115
1110,0,1179,1262,456
875,1,902,969,3396
1211,0,58,963,2750
769,1,1385,1780,941
671,0,614,1617,2278
1872,0,672,1088,2273
1076,1,1088,1718,2355
1325,0,499,695,2328
911,1,157,763,2638
1273,0,485,1399,558
1062,0,571,817,1345
1317,0,431,542,425
940,0,499,1090,2192
729,0,563,1055,3397
1494,0,944,1003,1208
1546,1,1138,1491,267
1253,0,161,647,3518
895,1,126,1575,3122
793,1,15,1196,1050
1628,1,500,1713,3358
625,1,203,1771,2929
1110,0,961,1950,624
999,0,608,1970,1598
1856,1,277,1155,2052
1715,1,114,1849,1249
1897,0,630,738,412
1202,1,404,1742,595
1171,1,248,755,263
964,0,225,1234,2577
1973,1,699,851,639
1992,1,649,895,3206
546,1,416,1658,1550
1093,0,1310,1420,1646
1880,0,930,1983,1930
1765,0,835,1175,3695
1640,1,664,1806,3235
1830,0,460,1583,2334
826,0,778,1615,1998
1864,0,225,1545,2258
586,0,785,1118,1869
1206,1,1581,1713,1825
832,1,9,1944,3946
848,0,7,1294,436
1851,0,174,1175,2678
1166,0,437,638,3887
1776,1,278,623,1813
1254,0,1288,1372,817
1494,1,979,1190,3614
984,1,56,1931,2013
1179,0,913,1429,543
513,0,282,710,3400
557,1,322,710,2623
744,1,1252,1963,2700
1129,1,1128,1702,1400
1148,1,606,688,3127
1793,0,655,1459,2803
1310,1,954,970,2518
1604,0,68,1042,3564
1676,0,134,1197,2515
1001,1,922,1836,3654
1086,0,1874,1976,3930
1986,1,251,599,3476
634,0,1362,1853,3242
502,0,281,1159,2666
1641,0,224,1994,1695
623,1,778,844,3510
962,1,546,1424,3438
1057,0,397,891,2033
1862,0,386,1046,1017
555,1,214,1970,1686
1000,0,461,833,862
841,0,125,675,957
865,0,335,1009,3494
999,1,342,1641,3083
1232,0,625,761,1656
1194,0,494,509,313
612,1,1145,1487,3282
1362,0,600,1042,3629
1469,1,484,711,1687
986,0,199,679,1149
1843,0,21,832,3899
1561,1,885,1811,1783
1695,1,308,1208,1629
667,1,1015,1947,2528
1768,0,1303,1814,3256
1269,1,406,1036,2341
1109,1,124,833,2785
936,1,150,1677,3761
1713,0,108,1963,1513
1175,1,90,557,2240
1940,1,588,1809,820
855,0,1028,1196,1875
771,1,776,1247,920
645,0,278,584,3615
1307,0,897,1103,1412
1948,1,651,700,361
1509,1,1010,1684,1540
626,1,737,1759,1077
1190,1,1399,1646,3610
1727,1,376,1288,512
1670,0,1117,1330,3024
1150,1,234,1947,1610
1208,0,691,1028,2201
1812,1,380,1550,3338
770,1,603,1483,3473
1559,1,117,681,2203
1902,0,766,877,940
1751,0,1499,1952,1155
1416,1,1175,1578,3872
1288,1,988,1503,1882
1003,0,190,1905,1798
1715,1,674,1375,2598
1967,0,518,1374,1567
962,1,1618,1916,1491
1487,0,857,989,2003
1569,1,371,665,3905
1146,0,73,583,291
1379,0,98,755,1693
1504,1,395,1853,1788
1945,0,1064,1540,3322
1630,1,712,1726,1751
1125,0,774,939,1641
614,0,1012,1040,2854
854,0,730,1148,3115
1470,1,777,1090,3259
1826,1,973,1633,1612
807,1,245,829,2319
1996,1,937,1083,1258
1083,0,937,1164,1543
1035,1,574,1171,3991
1521,0,678,1630,3555
1314,1,82,512,3411
535,0,398,1775,524
673,0,1096,1570,3541
1219,1,1419,1698,1998
1606,1,157,770,3437
1603,1,430,1207,1637
1958,0,1524,1848,3064
695,0,1649,1829,2855
1441,1,254,954,1393
1470,1,1790,1988,1633
1890,0,1438,1832,2392
1152,1,1304,1673,3284
1619,0,813,1180,464
1002,0,948,1007,1234
742,0,1161,1288,292
1306,1,867,1258,2521
1424,1,181,1199,2658
942,1,754,1532,587
1934,0,242,1127,2190
1290,1,405,742,879
930,1,1569,1763,1743
1699,0,105,1099,1181
1849,0,978,1986,3330
1922,0,725,1882,3564
548,1,657,1657,562
916,0,1147,1393,1659
1783,0,910,1566,1816
1083,1,295,503,1338
1698,0,26,508,2992
1969,1,332,764,315
869,0,519,533,3249
1337,1,161,1029,3242
637,1,1080,1289,2725
833,1,649,1290,586
1248,0,71,1686,2454
1174,0,744,1244,804
1831,0,437,1113,2460
1002,1,115,1111,1295
1010,1,547,957,2625
1117,1,495,1035,1999
990,1,1466,1717,2698
1564,0,117,1115,3742
1065,1,760,1722,1193
1982,0,764,1873,3511
1607,1,776,1005,885
1066,1,53,1504,1044
681,1,371,1702,2548
1163,1,728,818,2940
1285,1,1791,1896,3966
753,0,606,1316,3484
1779,1,1225,1717,1246
987,0,419,736,2757
511,1,367,1264,2378
1044,0,1230,1263,1794
1855,0,267,1161,3933
946,0,273,891,1637
657,1,705,1905,783
1673,0,214,679,3094
731,1,424,1032,1774
926,0,84,793,256
1261,0,605,1429,1365
618,0,1175,1586,2339
936,0,657,938,2049
1485,1,371,1023,3241
1339,1,833,1441,867
508,0,102,1195,2175
1938,1,1299,1935,3497
995,1,258,1889,609
1086,1,56,1150,3285
1322,1,443,708,3684
1864,1,1279,1793,3586
1944,0,313,712,2322
581,0,523,565,354
1020,1,919,1482,3204
1936,0,570,1021,1400
1329,0,380,682,2308
808,1,119,529,1082
994,1,296,839,3104
1811,0,358,614,2847
765,0,1364,1851,2256
993,1,424,1639,1113
1136,0,961,1030,3210
719,1,431,1727,3990
733,1,950,1739,984
1946,1,647,1849,3117
1230,0,1960,1963,1622
1577,1,116,1432,2967
1514,0,306,538,1037
579,0,808,1517,2908
574,0,94,1334,1167
1072,1,380,877,2715
843,1,593,732,1734
1492,0,1684,1746,2259
1807,0,1221,1415,2921
909,1,410,1643,1244
1876,1,600,1211,3132
1436,1,189,1411,2488
1251,1,308,591,1052
636,0,148,742,2927
1354,1,297,918,2090
930,1,1050,1726,2131
1830,0,1191,1882,3362
1424,1,1399,1663,1053
583,1,1658,1794,1799
648,1,1153,1817,3124
1203,1,35,510,1672
1777,1,553,874,1552
1299,1,46,908,1938
1494,0,207,1177,3202
527,1,67,1924,1302
793,1,818,1006,2296
873,1,1257,1411,575
722,0,138,1371,2359
1250,0,11,1020,3314
1358,0,889,1635,440
1035,1,831,1709,2002
1289,1,713,1854,3167
1445,1,527,1393,3480
1702,1,1284,1643,595
534,1,911,1220,2466
628,0,1047,1534,1337
713,1,123,1477,1462
1207,0,406,681,503
683,0,927,1135,2066
594,0,407,528,708
537,0,1041,1430,2029
1565,0,781,1364,308
1052,0,1191,1839,552
713,0,103,1760,2082
1766,1,125,1227,3314
584,1,919,1343,3996
1541,1,536,1656,1795
837,1,638,1831,594
935,1,639,1087,2473
665,0,496,1804,690
680,0,686,1418,3845
877,1,1064,1985,2004
1493,1,240,1414,2083
1762,0,525,704,2661
842,1,348,730,1903
925,0,1262,1520,2466
1692,0,1899,1904,3779
1576,0,258,789,3904
1065,1,1188,1948,265
958,0,730,751,1417
623,0,484,1238,1769
897,1,547,1852,2948
1110,0,800,1455,2572
616,0,347,513,3267
1680,1,679,1231,1459
1715,0,1224,1676,1633
983,1,948,1205,2052
720,1,366,1234,1086
1660,0,223,1777,2402
1564,1,1619,1962,3376
592,1,332,970,1507
969,1,167,909,641
1356,1,782,951,3451
504,0,881,1129,1607
1546,1,91,1317,3521
689,1,487,722,1241
1685,0,120,1429,881
1792,0,1626,1913,2563
1786,0,74,865,3033
1944,1,634,1079,769
1077,0,334,1079,3454
648,0,931,1811,819
1702,1,921,1351,435
1571,0,805,956,586
856,1,1057,1931,650
1786,0,616,912,3038
914,0,740,840,3736
1615,0,542,678,2948
649,0,344,1551,739
1646,0,211,1608,686
1189,0,79,615,841
1043,0,887,893,1183
1920,1,670,1152,3943
1220,0,383,1249,1037
1748,1,718,1109,2633
907,1,144,896,3911
1193,0,1442,1904,1958
1766,1,291,1318,3297
1278,0,1352,1775,3141
1234,1,209,725,3351
1961,0,861,1888,2355
1745,0,426,1629,1308
1442,1,266,642,991
1083,1,523,542,3248
868,0,40,1311,1519
864,1,262,1436,493
1142,0,623,769,1747
608,1,4,1351,2517
983,0,1001,1176,1389
1720,0,334,896,2522
1802,1,453,963,1885
591,1,952,1726,704
1205,0,321,1870,953
1369,1,1451,1469,3206
713,1,1048,1123,928
1082,1,398,724,2177
1719,1,417,520,2610
1544,0,470,844,489
1090,0,1217,1670,3839
1991,0,298,1037,1861
1367,0,36,642,299
1179,0,85,1451,340
721,1,655,1255,3606
1549,1,167,990,799
1349,1,212,623,2367
1799,0,617,1386,445
1075,1,271,1769,3927
684,1,159,1738,3756
1837,0,786,872,770
1619,0,46,562,1641
965,0,645,1275,2343
730,0,1371,1677,2787
1361,0,881,1382,2495
1494,0,449,790,3208
1027,0,338,534,1234
1807,1,1332,1814,1069
709,1,119,1531,3568
689,0,256,823,3585
955,0,428,1254,1974
1872,0,1546,1879,2419
1259,1,1210,1989,340
695,0,789,1211,2282
1969,1,390,756,298
759,0,110,1317,968
936,0,1330,1686,2391
1176,0,674,1455,1534
1802,1,253,590,696
772,1,317,1805,2782
1318,0,183,661,755
591,1,892,1603,3746
569,1,388,605,2651
764,1,52,539,1341
1056,1,914,979,2651
1982,0,287,593,1824
1830,0,773,1353,1905
1122,0,675,1163,1456
1023,0,367,1985,3155
1283,1,510,980,773
1602,1,1325,1800,1829
732,0,1661,1836,3883
1854,1,665,718,1675
718,1,662,997,1601
897,0,0,994,1958
1405,0,284,1036,2376
798,1,661,1951,1647
1035,0,757,1912,3548
1396,0,560,1177,2694
1749,1,470,775,2195
1588,0,146,822,2506
1600,0,1315,1710,2073
1522,0,533,1696,3767
1279,0,560,1633,1150
719,0,405,1141,841
544,1,227,610,1675
1007,1,479,831,1301
590,1,227,509,1817
1788,0,149,1022,2321
748,0,88,709,1974
757,1,114,819,3433
1561,1,662,874,1205
1327,0,441,1721,872
797,1,888,1466,2052
727,1,664,711,3654
686,1,64,745,1503
1515,1,747,1247,3104
555,1,956,1010,343
1589,0,776,1397,3430
1976,1,652,1933,2470
1884,1,1168,1179,1396
1063,0,201,582,2668
672,1,724,1127,1457
635,0,599,1299,2452
1906,1,3,629,1871
1753,0,1652,1983,1112
659,1,190,657,967
1583,1,1171,1673,2498
1783,1,1081,1979,387
1667,1,1211,1396,635
640,1,976,1353,2711
1913,0,675,742,2023
538,1,455,537,2215
1191,0,42,807,824
816,1,1196,1651,3851
915,1,503,986,2156
1157,0,1694,1798,2885
1201,0,306,558,495
1379,1,838,885,2358
1483,0,291,651,1744
1614,0,173,1219,1832
930,1,1017,1289,2016
1454,0,698,1018,1300
1784,0,610,1437,2313
1262,1,223,737,3248
797,1,206,1167,2216
1829,0,1457,1919,3142
1139,1,742,999,1850
618,0,591,724,1424
1547,0,347,957,1620
586,0,241,854,2592
1617,0,743,1426,296
1882,0,4,743,3579
674,1,576,1809,1180
1467,0,888,1099,3962
858,0,528,1416,3978
794,1,1222,1890,668
1965,1,915,1965,2032
1911,1,868,1632,3057
1512,0,336,670,869
510,1,483,754,3919
